1|Lewiss|Castille|lcastille0@macromedia.com|Male|226.136.13.184|3288
2|Chris|Mc Andrew|cmcandrew1@homestead.com|Male|93.71.91.144|3364
3|Bartie|Stow|bstow2@tripadvisor.com|Male|0.24.73.215|3291
4|Kassie|Avrasin|kavrasin3@fema.gov|Female|29.53.249.250|3727
5|Paulette|Bebbington|pbebbington4@sakura.ne.jp|Female|155.224.236.150|2574
6|Marion|Rhoades|mrhoades5@xing.com|Female|49.82.230.154|4290
7|Patrizio|Kerin|pkerin6@baidu.com|Male|245.229.3.92|3818
8|Fae|Marston|fmarston7@wunderground.com|Female|51.138.95.111|4735
9|Billy|Dudenie|bdudenie8@odnoklassniki.ru|Male|152.182.36.93|3585
10|Mindy|Applebee|mapplebee9@oracle.com|Female|11.237.47.158|2108
11|Hy|Romney|hromneya@posterous.com|Male|44.14.6.243|2136
12|Urbano|Panichelli|upanichellib@skype.com|Male|94.181.250.76|1450
13|Cathleen|Klewer|cklewerc@ow.ly|Female|106.140.138.22|1519
14|Brod|Kops|bkopsd@wikia.com|Male|86.200.145.189|1646
15|Benny|Hambers|bhamberse@phpbb.com|Male|9.77.0.194|3104
16|Viola|Twigley|vtwigleyf@tuttocitta.it|Female|172.144.239.112|4976
17|Dianne|Levin|dleving@facebook.com|Female|137.16.52.90|3070
18|Ilka|MacMearty|imacmeartyh@ocn.ne.jp|Female|120.4.6.40|3708
19|Joly|Glennard|jglennardi@yellowbook.com|Female|200.48.22.250|2213
20|Valerie|Logesdale|vlogesdalej@thetimes.co.uk|Female|180.207.35.1|1197
21|Pate|Huffadine|phuffadinek@sohu.com|Male|48.116.141.101|1525
22|Aleda|Braney|abraneyl@paypal.com|Female|94.50.92.221|3626
23|Lydie|Trevna|ltrevnam@newsvine.com|Female|139.253.158.162|4575
24|Sheridan|Smiths|ssmithsn@ustream.tv|Male|148.206.202.122|2355
25|Sigismondo|Mounsey|smounseyo@google.cn|Male|45.162.24.211|4921
26|Farrand|Deinhardt|fdeinhardtp@yellowpages.com|Female|62.241.237.249|4028
27|Rod|Gronowe|rgronoweq@webeden.co.uk|Male|175.104.220.59|3214
28|Kenon|Tummond|ktummondr@dyndns.org|Male|212.67.145.55|4232
29|Ashlie|Wimms|awimmss@yolasite.com|Female|185.169.220.51|3749
30|June|McRitchie|jmcritchiet@elegantthemes.com|Female|167.203.50.255|1658
31|Adella|Rapley|arapleyu@tumblr.com|Female|114.167.33.179|2456
32|Stephine|Bernardotte|sbernardottev@yahoo.co.jp|Female|62.99.64.100|2344
33|Anthe|Bercher|abercherw@google.it|Female|130.62.25.69|2633
34|Shalne|Turfitt|sturfittx@apache.org|Female|218.94.233.82|1800
35|Clay|Wayman|cwaymany@google.com.au|Male|56.63.119.130|4998
36|Nettle|Trees|ntreesz@desdev.cn|Female|37.119.244.9|4952
37|Cos|Casaletto|ccasaletto10@indiatimes.com|Male|232.160.151.132|3637
38|Pearle|Whitcomb|pwhitcomb11@fda.gov|Female|203.86.128.114|2356
39|Oliver|Mansuer|omansuer12@storify.com|Male|58.198.56.69|4643
40|Allison|Goodbar|agoodbar13@answers.com|Female|237.254.86.191|1560
41|Hermann|Lesaunier|hlesaunier14@buzzfeed.com|Male|240.162.91.242|1829
42|Tyne|Mearing|tmearing15@rambler.ru|Female|17.130.78.54|4902
43|Stefan|Dafydd|sdafydd16@telegraph.co.uk|Male|143.89.32.86|4107
44|Tuck|Tackes|ttackes17@go.com|Male|5.39.151.58|1599
45|Wiley|Allmark|wallmark18@joomla.org|Male|107.131.82.44|2260
46|Essa|Tomaello|etomaello19@delicious.com|Female|82.122.109.107|4770
47|Norman|Downer|ndowner1a@uol.com.br|Male|4.194.139.177|1733
48|Linnell|Linger|llinger1b@uol.com.br|Female|132.76.175.238|4924
49|Bailey|Polglase|bpolglase1c@hostgator.com|Male|183.36.6.160|2877
50|Jennilee|Sowerbutts|jsowerbutts1d@businessweek.com|Female|242.108.212.214|4620
51|Rosalinde|Goodsall|rgoodsall1e@facebook.com|Female|40.255.123.201|2307
52|Hesther|Chancellor|hchancellor1f@unblog.fr|Female|44.50.60.84|3958
53|Mufinella|Battye|mbattye1g@unblog.fr|Female|252.59.32.6|3222
54|Carol-jean|Thorns|cthorns1h@discuz.net|Female|146.227.60.184|2865
55|Giulietta|Glencrosche|gglencrosche1i@imdb.com|Female|86.17.238.200|1246
56|Arlena|Patient|apatient1j@gizmodo.com|Female|23.10.201.173|4703
57|Dannie|Righy|drighy1k@google.co.uk|Male|245.72.73.175|2196
58|Walton|Pyburn|wpyburn1l@pinterest.com|Male|1.83.61.227|1680
59|Olag|Nolda|onolda1m@over-blog.com|Male|134.244.197.102|1048
60|Cassy|Fernanando|cfernanando1n@hud.gov|Female|60.129.224.58|3505
61|Westbrooke|Mumby|wmumby1o@apache.org|Male|194.112.22.138|4017
62|Lonee|Chaplain|lchaplain1p@github.io|Female|247.60.252.178|4638
63|Suzie|Budd|sbudd1q@census.gov|Female|231.104.45.222|4286
64|Clevie|Probets|cprobets1r@bluehost.com|Male|127.224.15.80|3864
65|Petey|Watsham|pwatsham1s@ehow.com|Male|157.122.134.30|2048
66|Kristoforo|Western|kwestern1t@seattletimes.com|Male|217.129.156.219|3847
67|Barrett|Lounds|blounds1u@psu.edu|Male|169.173.189.36|4779
68|Ker|Camous|kcamous1v@wufoo.com|Male|24.140.167.152|3230
69|Yurik|Simoncello|ysimoncello1w@blogger.com|Male|128.194.233.221|3834
70|Chelsae|Aldrin|caldrin1x@google.com.br|Female|46.205.176.109|1226
71|Cariotta|Lauthian|clauthian1y@marriott.com|Female|110.253.152.227|2247
72|Tommie|Feak|tfeak1z@shop-pro.jp|Female|111.143.194.167|1236
73|Phelia|Stucke|pstucke20@livejournal.com|Female|198.78.224.150|1685
74|Abdel|Clines|aclines21@abc.net.au|Male|234.200.130.140|4427
75|Adolf|Currom|acurrom22@blog.com|Male|137.255.6.78|4844
76|Tootsie|Mulcahy|tmulcahy23@flavors.me|Female|138.1.92.107|1508
77|Leicester|Goford|lgoford24@sitemeter.com|Male|40.87.104.22|4965
78|Julian|Morton|jmorton25@oakley.com|Male|145.137.101.205|1307
79|Karalee|Hocking|khocking26@e-recht24.de|Female|135.148.67.216|2278
80|Gonzalo|Jephson|gjephson27@altervista.org|Male|106.92.217.94|4297
81|Carilyn|MacBain|cmacbain28@w3.org|Female|251.201.0.133|4100
82|Quintin|Crabtree|qcrabtree29@dedecms.com|Male|10.225.8.120|2190
83|Roland|Brislan|rbrislan2a@microsoft.com|Male|176.154.16.20|1559
84|Augustine|Mole|amole2b@columbia.edu|Female|18.45.232.174|4932
85|Dennet|Cuthbertson|dcuthbertson2c@netscape.com|Male|199.254.118.36|3719
86|Frayda|Seamans|fseamans2d@disqus.com|Female|242.245.53.213|3254
87|Katti|Thompson|kthompson2e@yahoo.com|Female|157.99.168.217|4211
88|Gae|Angrock|gangrock2f@joomla.org|Female|149.223.235.112|2677
89|Hale|Ancliffe|hancliffe2g@php.net|Male|194.178.166.41|1807
90|Madella|Rheam|mrheam2h@marketwatch.com|Female|252.187.165.206|3111
91|Lena|Tesdale|ltesdale2i@cdc.gov|Female|96.4.58.96|2134
92|Julio|Facchini|jfacchini2j@guardian.co.uk|Male|252.185.135.182|1076
93|Andrea|Rozsa|arozsa2k@hc360.com|Male|222.220.123.147|4609
94|Noel|Wesson|nwesson2l@indiegogo.com|Female|56.4.165.149|4078
95|Ignatius|Benediktovich|ibenediktovich2m@mozilla.com|Male|195.105.167.250|3590
96|Kyle|Squirrel|ksquirrel2n@ftc.gov|Male|151.216.201.244|2495
97|Kaiser|Finby|kfinby2o@cocolog-nifty.com|Male|132.183.153.198|1032
98|Shawnee|Primarolo|sprimarolo2p@mozilla.com|Female|94.82.246.87|1380
99|Zebulen|Minett|zminett2q@desdev.cn|Male|246.127.199.45|2773
100|Eldin|Gyurko|egyurko2r@360.cn|Male|197.2.173.185|2317
101|Bathsheba|Bohea|bbohea2s@vimeo.com|Female|118.139.186.49|4692
102|Drake|Hayer|dhayer2t@chicagotribune.com|Male|19.189.30.80|1101
103|Vernen|Whear|vwhear2u@loc.gov|Male|75.25.131.58|2345
104|Alair|Oneil|aoneil2v@exblog.jp|Male|157.216.64.217|1487
105|Allianora|Hawtrey|ahawtrey2w@i2i.jp|Female|30.133.64.181|4379
106|Boony|Hellmore|bhellmore2x@toplist.cz|Male|41.134.253.236|4412
107|Chrystal|Luxford|cluxford2y@skype.com|Female|224.243.138.66|2790
108|Delly|Levesley|dlevesley2z@alibaba.com|Female|247.231.230.240|3670
109|Dylan|Abramcik|dabramcik30@weibo.com|Male|197.122.147.93|4682
110|Elvin|Tyres|etyres31@w3.org|Male|97.103.94.229|4067
111|Roland|Gonsalvo|rgonsalvo32@ucla.edu|Male|99.13.102.200|3713
112|Jeanelle|Fidock|jfidock33@redcross.org|Female|124.1.248.244|2160
113|Katharyn|Gunn|kgunn34@independent.co.uk|Female|174.209.220.85|2801
114|Dalt|Johann|djohann35@zimbio.com|Male|90.72.150.19|1569
115|Jenna|Greenaway|jgreenaway36@instagram.com|Female|154.243.187.5|1937
116|Olvan|Schulke|oschulke37@hp.com|Male|221.202.172.30|1573
117|Wren|Gagan|wgagan38@theguardian.com|Female|77.130.175.27|1798
118|Phyllida|Gricewood|pgricewood39@sciencedaily.com|Female|54.55.200.102|4280
119|Tallie|Dubose|tdubose3a@msn.com|Male|254.132.39.10|4678
120|Arlinda|Matley|amatley3b@oracle.com|Female|64.154.113.196|4710
121|Leora|Voas|lvoas3c@webeden.co.uk|Female|157.20.187.164|2631
122|Lory|Prescott|lprescott3d@github.io|Female|143.193.210.32|4710
123|Cindy|Feldfisher|cfeldfisher3e@usa.gov|Female|60.82.108.153|3673
124|Birdie|Izachik|bizachik3f@indiegogo.com|Female|96.67.46.160|1274
125|Waldon|Carnew|wcarnew3g@free.fr|Male|115.131.36.110|2050
126|Marrissa|Egell|megell3h@wufoo.com|Female|43.58.216.41|2009
127|Uriah|Gomersal|ugomersal3i@youku.com|Male|137.148.243.92|4720
128|Andonis|Mansion|amansion3j@economist.com|Male|238.128.248.147|3174
129|Rora|Jacke|rjacke3k@51.la|Female|60.31.99.5|2312
130|Horten|Tansly|htansly3l@hatena.ne.jp|Male|107.150.120.51|4282
131|Buck|Kershaw|bkershaw3m@wired.com|Male|243.220.163.132|2922
132|Minny|Beddie|mbeddie3n@privacy.gov.au|Female|201.18.68.82|1287
133|Frederico|Cullon|fcullon3o@tripod.com|Male|148.228.92.134|3042
134|Heindrick|Cruikshanks|hcruikshanks3p@goo.ne.jp|Male|80.22.42.152|3398
135|Addy|Southard|asouthard3q@yellowbook.com|Female|79.18.181.150|1944
136|Mina|Liddyard|mliddyard3r@accuweather.com|Female|28.235.55.93|1433
137|Wash|Klawi|wklawi3s@histats.com|Male|84.90.249.66|1091
138|Jillana|O'Cassidy|jocassidy3t@unc.edu|Female|113.199.158.86|1712
139|Titos|Perocci|tperocci3u@hostgator.com|Male|157.206.116.157|4220
140|Agace|Shalloo|ashalloo3v@macromedia.com|Female|4.62.208.47|4392
141|Emory|Arrault|earrault3w@army.mil|Male|214.239.118.136|2015
142|Alvie|Le Clercq|aleclercq3x@github.io|Male|84.124.104.156|2442
143|Katherina|Pidwell|kpidwell3y@phoca.cz|Female|155.9.97.203|2741
144|Aimee|Langeren|alangeren3z@utexas.edu|Female|226.172.85.144|2335
145|Margaretta|Archbald|marchbald40@elpais.com|Female|23.68.240.201|3306
146|Fidela|Booley|fbooley41@blog.com|Female|58.224.74.96|1775
147|Shirlene|Ganter|sganter42@ow.ly|Female|96.49.2.180|3262
148|Clareta|Wittey|cwittey43@oaic.gov.au|Female|216.13.224.198|1478
149|Anjanette|Langham|alangham44@vkontakte.ru|Female|221.31.182.24|1955
150|Aguie|Rosenfeld|arosenfeld45@ning.com|Male|221.250.229.198|4380
151|Cirillo|Verey|cverey46@psu.edu|Male|14.251.215.67|3886
152|Lorri|Runnalls|lrunnalls47@amazon.co.jp|Female|71.100.64.176|1916
153|Doti|Rossoni|drossoni48@ameblo.jp|Female|129.144.71.70|3405
154|Ransom|MacAindreis|rmacaindreis49@accuweather.com|Male|69.69.12.182|2491
155|Lyle|Kleinfeld|lkleinfeld4a@bandcamp.com|Male|112.138.214.0|1386
156|Frants|Showen|fshowen4b@spiegel.de|Male|178.184.76.180|1566
157|Bernadina|Threlkeld|bthrelkeld4c@so-net.ne.jp|Female|67.50.46.134|4034
158|Richmound|Bullene|rbullene4d@ftc.gov|Male|26.86.201.142|3781
159|Minny|Babonau|mbabonau4e@booking.com|Female|176.16.113.4|1683
160|Sargent|Holme|sholme4f@a8.net|Male|215.78.117.15|1685
161|Delly|Diggens|ddiggens4g@slashdot.org|Female|214.175.163.196|1887
162|Dion|Rillatt|drillatt4h@microsoft.com|Female|249.114.50.171|3624
163|Janeva|Nevins|jnevins4i@nps.gov|Female|215.171.64.255|1435
164|Berton|Martinson|bmartinson4j@sina.com.cn|Male|94.153.228.196|2457
165|Miranda|Moston|mmoston4k@washingtonpost.com|Female|166.124.65.59|3973
166|Marcello|Simanek|msimanek4l@un.org|Male|60.41.110.103|3683
167|Agnes|Sewall|asewall4m@state.tx.us|Female|133.183.131.11|4525
168|Willard|Gogin|wgogin4n@theatlantic.com|Male|237.115.138.210|2345
169|Svend|Statefield|sstatefield4o@people.com.cn|Male|224.177.82.0|3839
170|Nobe|Aizikov|naizikov4p@php.net|Male|82.42.237.171|2676
171|Kahaleel|Fylan|kfylan4q@rambler.ru|Male|124.147.236.121|1089
172|Selestina|Carless|scarless4r@eepurl.com|Female|22.19.87.246|4595
173|Mallorie|Squelch|msquelch4s@vistaprint.com|Female|135.120.139.141|1889
174|Dora|Vautin|dvautin4t@sohu.com|Female|54.227.4.205|2427
175|Gifford|Krolle|gkrolle4u@slashdot.org|Male|232.52.149.111|3726
176|Lyn|Tunkin|ltunkin4v@wp.com|Male|13.195.66.225|2689
177|Nerti|Tuther|ntuther4w@ow.ly|Female|198.104.63.85|3548
178|Joellen|Willgoose|jwillgoose4x@state.gov|Female|235.19.68.106|3081
179|Guthry|Kopta|gkopta4y@tinyurl.com|Male|119.31.148.139|2237
180|Eugene|Mockford|emockford4z@wikipedia.org|Male|158.212.177.159|1221
181|Neall|Klehyn|nklehyn50@usnews.com|Male|233.242.163.81|4405
182|Nettle|Sarchwell|nsarchwell51@eepurl.com|Female|194.39.169.109|3724
183|Thomasina|Fairy|tfairy52@chicagotribune.com|Female|93.113.14.13|4965
184|Thacher|Tuckerman|ttuckerman53@webmd.com|Male|185.237.209.66|2078
185|Phip|Bru|pbru54@ucsd.edu|Male|21.113.100.224|3503
186|Aron|Broddle|abroddle55@deviantart.com|Male|30.119.114.140|4198
187|Nikolos|Hauch|nhauch56@arizona.edu|Male|146.7.33.65|2126
188|Markus|Oleszkiewicz|moleszkiewicz57@seattletimes.com|Male|117.195.127.132|1017
189|Tatiana|Parkin|tparkin58@altervista.org|Female|133.41.231.216|3924
190|Gui|Tatterton|gtatterton59@ifeng.com|Female|114.108.54.13|3521
191|Orsola|Hexter|ohexter5a@github.com|Female|82.169.211.132|2390
192|Gert|Brabben|gbrabben5b@yelp.com|Female|231.156.189.9|2868
193|Gaylord|Dunniom|gdunniom5c@geocities.com|Male|175.51.86.10|1014
194|Dorree|Whelpdale|dwhelpdale5d@oaic.gov.au|Female|179.218.4.208|2926
195|Helen|Logg|hlogg5e@netlog.com|Female|175.178.48.154|4400
196|Johnna|Baldassi|jbaldassi5f@nba.com|Female|31.177.97.173|4422
197|Cybil|Moorey|cmoorey5g@chron.com|Female|52.112.174.181|2364
198|Delilah|Viveash|dviveash5h@reuters.com|Female|107.252.137.96|2797
199|Harwell|Ridings|hridings5i@house.gov|Male|164.203.224.214|3735
200|Abigael|Aguilar|aaguilar5j@tamu.edu|Female|239.47.92.188|3539
201|Meir|Handmore|mhandmore5k@apple.com|Male|196.74.235.13|3878
202|Corliss|Helstrip|chelstrip5l@economist.com|Female|158.168.141.113|1531
203|Eustacia|Fumagall|efumagall5m@google.com.au|Female|38.178.219.157|3252
204|Marv|Ruckhard|mruckhard5n@mac.com|Male|140.56.105.132|4905
205|Aida|Boutellier|aboutellier5o@cmu.edu|Female|105.85.27.129|4434
206|Christy|Stelfox|cstelfox5p@plala.or.jp|Male|200.210.112.82|2214
207|Beniamino|Flukes|bflukes5q@comcast.net|Male|69.18.49.235|4262
208|Kirsti|Polsin|kpolsin5r@over-blog.com|Female|52.138.235.62|2930
209|Brunhilde|Beckley|bbeckley5s@woothemes.com|Female|121.255.96.174|2580
210|Jasmina|Behnecke|jbehnecke5t@twitter.com|Female|105.244.57.17|1845
211|Willamina|Hembrow|whembrow5u@github.com|Female|119.171.169.16|1663
212|Willie|Clewer|wclewer5v@imdb.com|Female|11.19.7.196|1538
213|Hyacintha|MacSharry|hmacsharry5w@arstechnica.com|Female|238.5.216.8|4581
214|Keefe|Manicom|kmanicom5x@dyndns.org|Male|241.213.148.242|3944
215|Adrianna|Sangster|asangster5y@jimdo.com|Female|235.175.75.41|3087
216|Elwyn|Armatys|earmatys5z@nih.gov|Male|136.160.207.77|4773
217|Pru|Finicj|pfinicj60@etsy.com|Female|135.112.105.189|4425
218|Aida|Cattermole|acattermole61@blog.com|Female|19.215.201.163|2516
219|Ezra|Island|eisland62@desdev.cn|Male|176.145.105.27|3091
220|Malachi|Whytock|mwhytock63@pagesperso-orange.fr|Male|230.108.54.149|1910
221|Lita|Girault|lgirault64@yelp.com|Female|30.20.15.15|3124
222|Read|Foskett|rfoskett65@biblegateway.com|Male|22.27.78.144|4072
223|Gabey|Slowley|gslowley66@nifty.com|Female|38.253.22.118|4345
224|Marcella|Labon|mlabon67@feedburner.com|Female|105.186.144.58|4244
225|Marlie|Hails|mhails68@si.edu|Female|254.29.254.160|3969
226|Charmine|Skeels|cskeels69@google.it|Female|121.11.6.0|4377
227|Edie|Stancliffe|estancliffe6a@miitbeian.gov.cn|Female|35.167.203.144|3955
228|Robinson|Gosnoll|rgosnoll6b@pagesperso-orange.fr|Male|78.239.187.134|1331
229|Quintin|Lanfranconi|qlanfranconi6c@macromedia.com|Male|216.74.156.120|2927
230|Kimmy|Spencock|kspencock6d@google.pl|Female|120.160.104.249|1556
231|Doralynne|Poletto|dpoletto6e@earthlink.net|Female|42.74.165.132|2256
232|De|Mates|dmates6f@bbb.org|Female|70.227.77.47|1370
233|Ricoriki|Aksell|raksell6g@independent.co.uk|Male|1.117.76.248|1812
234|Gianna|Nevitt|gnevitt6h@goodreads.com|Female|176.157.29.10|1162
235|Margit|Friberg|mfriberg6i@wufoo.com|Female|179.106.80.86|4696
236|Roxie|Fitzjohn|rfitzjohn6j@cdc.gov|Female|128.128.151.53|4336
237|Ludvig|Fevier|lfevier6k@yelp.com|Male|128.178.234.183|2546
238|Lee|Rostern|lrostern6l@mapquest.com|Male|91.55.39.177|2358
239|Silvester|Sheal|ssheal6m@yahoo.co.jp|Male|182.58.31.124|2400
240|Markos|Scraggs|mscraggs6n@goo.ne.jp|Male|242.144.69.17|3116
241|Gaspard|Lemmertz|glemmertz6o@sitemeter.com|Male|5.255.254.245|4456
242|Jon|Goggan|jgoggan6p@marketwatch.com|Male|196.203.84.62|1570
243|Brenda|Fasham|bfasham6q@amazon.de|Female|223.62.67.190|3255
244|Bradan|Danbi|bdanbi6r@exblog.jp|Male|15.249.73.255|1112
245|Trixie|Tatchell|ttatchell6s@blogtalkradio.com|Female|133.33.196.228|4083
246|Bernadette|Poleye|bpoleye6t@fastcompany.com|Female|179.223.152.246|2142
247|Xenos|Willerton|xwillerton6u@printfriendly.com|Male|12.181.212.232|3472
248|Gerta|Maskell|gmaskell6v@opera.com|Female|206.123.135.224|4053
249|Emmerich|McManus|emcmanus6w@eventbrite.com|Male|197.224.252.64|2773
250|Zabrina|Aitchison|zaitchison6x@apple.com|Female|110.199.203.226|1247
251|Jasmine|Kyttor|jkyttor6y@purevolume.com|Female|203.164.84.188|1405
252|Saunders|Akhurst|sakhurst6z@rakuten.co.jp|Male|214.142.61.117|1424
253|Eada|Spurr|espurr70@seesaa.net|Female|115.202.92.122|2494
254|Whitby|De Maine|wdemaine71@merriam-webster.com|Male|203.109.184.15|4169
255|Teresa|Pettiford|tpettiford72@istockphoto.com|Female|246.66.208.233|3103
256|Norine|Driscoll|ndriscoll73@exblog.jp|Female|159.70.125.28|3807
257|Malcolm|Crooks|mcrooks74@eepurl.com|Male|53.96.87.61|1810
258|Jennee|Bearham|jbearham75@amazon.co.jp|Female|2.30.255.171|4832
259|Kirk|Kunzler|kkunzler76@joomla.org|Male|204.124.8.169|4662
260|Thorn|Schwandermann|tschwandermann77@vimeo.com|Male|103.132.83.190|2409
261|Elenore|Holsey|eholsey78@sfgate.com|Female|86.229.167.250|3827
262|Whittaker|Okker|wokker79@reverbnation.com|Male|41.189.66.240|3831
263|Glen|Amsden|gamsden7a@hc360.com|Female|14.100.61.115|3453
264|Neda|Beceril|nbeceril7b@is.gd|Female|75.236.131.188|4102
265|Vitoria|Tinghill|vtinghill7c@reuters.com|Female|83.141.97.219|3758
266|Johnnie|Paprotny|jpaprotny7d@goo.ne.jp|Male|189.156.143.82|4989
267|Rubia|Barnfather|rbarnfather7e@rediff.com|Female|124.200.97.23|1896
268|Vlad|Lewin|vlewin7f@harvard.edu|Male|44.73.47.245|4768
269|Gaspar|Alvarado|galvarado7g@naver.com|Male|10.149.108.100|4621
270|Reggie|Burnhill|rburnhill7h@quantcast.com|Female|110.98.206.227|4297
271|Edmund|Crewther|ecrewther7i@mapquest.com|Male|69.80.46.65|4173
272|Ware|Stormouth|wstormouth7j@ucsd.edu|Male|71.226.136.172|4692
273|Yevette|Eldrid|yeldrid7k@hatena.ne.jp|Female|50.65.110.184|1990
274|Odette|Eltringham|oeltringham7l@bigcartel.com|Female|160.27.28.230|2569
275|Bertine|Dmych|bdmych7m@google.de|Female|123.45.89.86|4034
276|Gracie|Birtle|gbirtle7n@purevolume.com|Female|14.66.202.198|1150
277|Fonzie|Hurl|fhurl7o@prweb.com|Male|50.43.93.43|2980
278|Bary|Posnette|bposnette7p@woothemes.com|Male|1.139.249.22|1500
279|Kin|Crumbie|kcrumbie7q@e-recht24.de|Male|179.217.187.96|3159
280|Vernor|Stamp|vstamp7r@360.cn|Male|91.111.49.23|3219
281|Vasili|Shiels|vshiels7s@google.com|Male|207.92.176.97|4068
282|Reinhard|Stammirs|rstammirs7t@bloglovin.com|Male|9.245.11.174|4700
283|Rosette|Reyner|rreyner7u@youku.com|Female|96.37.70.14|4291
284|Elwood|Rubinow|erubinow7v@about.me|Male|138.4.168.93|3293
285|Aaren|Collaton|acollaton7w@icq.com|Female|112.252.211.34|1677
286|Frants|O'Beirne|fobeirne7x@furl.net|Male|126.154.45.51|1812
287|Angelle|Culter|aculter7y@privacy.gov.au|Female|95.184.231.145|3572
288|Hillary|Briamo|hbriamo7z@github.com|Female|132.158.235.174|4879
289|Abramo|Drakeford|adrakeford80@themeforest.net|Male|237.134.99.142|4451
290|Wolfie|Kearsley|wkearsley81@zimbio.com|Male|114.249.233.157|1796
291|Helga|Barke|hbarke82@icio.us|Female|118.242.252.169|4664
292|Carmon|Riglesford|criglesford83@rambler.ru|Female|214.38.203.25|3790
293|Boone|Tarbox|btarbox84@fastcompany.com|Male|157.114.126.71|4750
294|Onfre|Klaus|oklaus85@histats.com|Male|160.167.135.199|3141
295|Bartholomeus|Feehily|bfeehily86@wisc.edu|Male|36.191.86.5|4366
296|Mitchael|Baskett|mbaskett87@salon.com|Male|191.208.172.128|3621
297|Corenda|Poltone|cpoltone88@hostgator.com|Female|243.67.252.97|3649
298|Kit|Threadgall|kthreadgall89@whitehouse.gov|Male|203.172.90.164|2537
299|Gilberto|Van Dale|gvandale8a@soup.io|Male|49.70.231.122|1055
300|Caril|Darbishire|cdarbishire8b@netvibes.com|Female|245.126.153.214|1601
301|Corie|Cudbertson|ccudbertson8c@parallels.com|Female|38.108.8.182|1831
302|Simon|MacRitchie|smacritchie8d@wix.com|Male|237.196.113.59|3454
303|Tadeo|Thies|tthies8e@amazonaws.com|Male|4.7.10.146|4577
304|Thomasa|O' Cloney|tocloney8f@barnesandnoble.com|Female|136.87.169.124|3612
305|Julius|Dawtry|jdawtry8g@blogs.com|Male|38.218.5.222|1923
306|Allegra|Fairbank|afairbank8h@purevolume.com|Female|64.187.129.231|4616
307|Germaine|Rosenblatt|grosenblatt8i@unicef.org|Male|114.228.142.61|3134
308|Odey|Sloane|osloane8j@cnbc.com|Male|51.165.12.204|2730
309|Fidel|Woodburne|fwoodburne8k@reference.com|Male|13.197.194.176|1348
310|Corrie|Parell|cparell8l@nsw.gov.au|Male|71.184.33.91|3361
311|Bibbie|Placstone|bplacstone8m@unblog.fr|Female|224.186.212.210|1356
312|Millicent|Carratt|mcarratt8n@goo.gl|Female|92.233.13.11|4238
313|Jere|McFadden|jmcfadden8o@epa.gov|Female|52.139.231.76|4429
314|Emanuel|Billo|ebillo8p@archive.org|Male|156.31.91.220|4333
315|Bengt|Robertshaw|brobertshaw8q@rakuten.co.jp|Male|127.58.126.82|4808
316|Rhianon|Garside|rgarside8r@auda.org.au|Female|87.32.71.31|4349
317|Claudius|Ivic|civic8s@springer.com|Male|69.153.69.186|1462
318|Herschel|Pendall|hpendall8t@home.pl|Male|255.18.146.110|2474
319|Marlane|Gazey|mgazey8u@symantec.com|Female|26.5.205.99|1661
320|Ruttger|Bail|rbail8v@theglobeandmail.com|Male|177.96.192.212|4982
321|Ignatius|Scarce|iscarce8w@t-online.de|Male|138.95.243.97|3688
322|Burgess|Ingraham|bingraham8x@bbc.co.uk|Male|233.176.41.131|4340
323|Barbi|Searsby|bsearsby8y@utexas.edu|Female|4.119.95.181|1551
324|Seumas|Ceeley|sceeley8z@t-online.de|Male|11.232.233.154|4413
325|Melvin|Pee|mpee90@census.gov|Male|83.76.192.241|1552
326|Freemon|Beall|fbeall91@linkedin.com|Male|184.108.193.116|1809
327|Gabriello|Baigent|gbaigent92@google.cn|Male|162.111.56.36|4372
328|Rubina|Robberts|rrobberts93@google.com.au|Female|118.219.88.55|4335
329|Tanny|Eicke|teicke94@loc.gov|Male|75.226.29.76|1382
330|Val|Eddies|veddies95@simplemachines.org|Female|88.71.175.104|2417
331|Phineas|Ryce|pryce96@chicagotribune.com|Male|69.111.164.11|2098
332|Raimondo|Gavriel|rgavriel97@vk.com|Male|182.55.82.62|4369
333|Stacie|Gerardeaux|sgerardeaux98@dedecms.com|Female|210.54.217.129|4921
334|Wolfie|Mason|wmason99@psu.edu|Male|53.130.238.217|3565
335|Bruce|Moodycliffe|bmoodycliffe9a@wunderground.com|Male|36.28.20.213|1049
336|Camel|Munt|cmunt9b@tuttocitta.it|Female|228.175.240.123|1584
337|Ezmeralda|Jersch|ejersch9c@wiley.com|Female|176.248.174.142|2609
338|Verney|Roston|vroston9d@wikimedia.org|Male|74.163.57.67|3257
339|Phil|Dear|pdear9e@blogspot.com|Male|91.57.22.163|1152
340|Patrizius|Kirkhouse|pkirkhouse9f@cdc.gov|Male|47.12.67.126|1799
341|Giovanni|Banes|gbanes9g@mozilla.org|Male|95.216.213.13|4280
342|Amye|Basil|abasil9h@prlog.org|Female|2.235.89.94|3822
343|Lynelle|Rizzillo|lrizzillo9i@shutterfly.com|Female|217.242.251.47|1690
344|Gil|Tanser|gtanser9j@princeton.edu|Male|22.157.234.103|3457
345|Cherice|Lamba|clamba9k@google.com.au|Female|234.43.39.163|4292
346|Zaria|Mallan|zmallan9l@sourceforge.net|Female|243.96.128.5|4343
347|Pat|Longfield|plongfield9m@telegraph.co.uk|Male|45.138.250.114|4743
348|Grazia|Sciusscietto|gsciusscietto9n@hhs.gov|Female|49.223.240.12|2660
349|Karney|Blazic|kblazic9o@github.io|Male|108.138.205.187|2696
350|Bendicty|McSharry|bmcsharry9p@admin.ch|Male|140.128.71.27|4746
351|Addie|Lucia|alucia9q@nba.com|Male|141.34.159.34|4724
352|Curr|Syne|csyne9r@rakuten.co.jp|Male|16.31.208.99|3945
353|Ezri|Woolnough|ewoolnough9s@feedburner.com|Male|39.130.100.189|3578
354|Bing|Pipes|bpipes9t@soup.io|Male|160.76.88.107|1468
355|Roddy|McKearnen|rmckearnen9u@dmoz.org|Male|27.167.38.77|2074
356|Finn|Vennart|fvennart9v@yandex.ru|Male|91.35.134.87|2307
357|Orland|Cape|ocape9w@vimeo.com|Male|196.180.31.161|3304
358|Wynne|Norkutt|wnorkutt9x@bizjournals.com|Female|150.175.178.166|4213
359|Mureil|Fortin|mfortin9y@networkadvertising.org|Female|106.199.34.241|2941
360|Ingram|Huggett|ihuggett9z@typepad.com|Male|224.249.82.113|4980
361|Yehudit|Gillitt|ygillitta0@edublogs.org|Male|108.194.226.82|1773
362|Randy|Southway|rsouthwaya1@mlb.com|Male|118.149.196.197|4815
363|Saidee|Dils|sdilsa2@wikimedia.org|Female|71.182.115.117|4876
364|Sherlocke|Grigolon|sgrigolona3@mapy.cz|Male|3.90.0.162|1502
365|Vinni|Friedenbach|vfriedenbacha4@cloudflare.com|Female|105.156.139.115|2052
366|Kriste|Milan|kmilana5@trellian.com|Female|147.209.60.251|2324
367|Mike|Eidelman|meidelmana6@flavors.me|Male|247.187.188.7|4727
368|Isidore|Duckerin|iduckerina7@1688.com|Male|127.144.21.68|1211
369|Hanson|Odger|hodgera8@macromedia.com|Male|186.114.211.105|3541
370|Alonzo|Phifer|aphifera9@ox.ac.uk|Male|181.128.134.142|3448
371|Seymour|Diviney|sdivineyaa@wordpress.com|Male|179.218.210.79|1314
372|Junette|Treacher|jtreacherab@joomla.org|Female|136.232.43.207|3637
373|Farleigh|Migheli|fmigheliac@acquirethisname.com|Male|185.224.144.231|1226
374|Ora|Draycott|odraycottad@stumbleupon.com|Female|88.2.43.64|2554
375|Phineas|Pimer|ppimerae@eepurl.com|Male|245.76.224.50|4217
376|Pollyanna|Peyto|ppeytoaf@bloglovin.com|Female|221.163.248.60|3415
377|Caro|Pirson|cpirsonag@stanford.edu|Female|89.186.91.156|2640
378|Ardyth|Sweeny|asweenyah@craigslist.org|Female|0.136.67.170|1478
379|Noland|Gouldstraw|ngouldstrawai@independent.co.uk|Male|86.6.71.67|3375
380|Fern|Josselsohn|fjosselsohnaj@flickr.com|Female|27.118.79.84|3275
381|Percival|Matuszkiewicz|pmatuszkiewiczak@house.gov|Male|48.93.47.224|1187
382|Emmett|Jeannot|ejeannotal@people.com.cn|Male|65.70.142.125|4225
383|Rainer|Lavarack|rlavarackam@ftc.gov|Male|89.229.26.88|1807
384|Frankie|Rouby|froubyan@scribd.com|Female|57.188.39.107|3625
385|Trstram|Dressell|tdressellao@feedburner.com|Male|189.48.240.113|3701
386|Raff|Asch|raschap@arizona.edu|Male|6.199.170.119|1933
387|Lou|Retallick|lretallickaq@blinklist.com|Male|202.123.231.177|4784
388|Adiana|Chadney|achadneyar@hugedomains.com|Female|107.141.239.51|2712
389|Lanae|Chartman|lchartmanas@nba.com|Female|242.138.24.43|2107
390|Leon|Harvie|lharvieat@google.fr|Male|157.197.127.200|2933
391|Curtis|Tschierasche|ctschierascheau@privacy.gov.au|Male|2.180.130.14|3961
392|Celka|Battrick|cbattrickav@soundcloud.com|Female|237.131.156.64|3502
393|Austen|Back|abackaw@marriott.com|Male|127.83.168.167|2149
394|Hettie|Hains|hhainsax@usa.gov|Female|138.182.155.123|1524
395|Roseanna|Bryant|rbryantay@cmu.edu|Female|15.199.0.183|2845
396|Ginelle|Marriner|gmarrineraz@bluehost.com|Female|193.135.150.240|2289
397|Dedra|Ellings|dellingsb0@edublogs.org|Female|102.101.95.63|4232
398|Eddie|Nerger|energerb1@google.com|Male|206.208.138.105|2667
399|Farly|Eggle|feggleb2@prnewswire.com|Male|146.201.31.83|3511
400|Pace|Rau|praub3@storify.com|Male|11.115.30.44|3138
